{"stats":{"minecraft:picked_up":{"minecraft:torch":4},"minecraft:used":{"minecraft:torch":1},"minecraft:dropped":{"minecraft:torch":1},"minecraft:mined":{"minecraft:wall_torch":4},"minecraft:killed_by":{"minecraft:slime":2,"minecraft:player":2},"minecraft:custom":{"minecraft:time_since_rest":1428,"minecraft:crouch_one_cm":129,"minecraft:sprint_one_cm":4601,"minecraft:play_time":16968,"minecraft:deaths":8,"minecraft:damage_taken":2032,"minecraft:walk_one_cm":29706,"minecraft:sneak_time":587,"minecraft:walk_under_water_one_cm":14075,"minecraft:drop":1,"minecraft:jump":140,"minecraft:damage_dealt":143,"minecraft:leave_game":4,"minecraft:walk_on_water_one_cm":15424,"minecraft:time_since_death":1395,"minecraft:total_world_time":16968,"minecraft:swim_one_cm":681,"minecraft:fall_one_cm":4785,"minecraft:fly_one_cm":59599,"minecraft:player_kills":1}},"DataVersion":2730}