{"stats":{"minecraft:dropped":{"minecraft:iron_sword":6,"minecraft:netherite_pickaxe":4,"minecraft:porkchop":2,"minecraft:ender_pearl":31,"minecraft:netherite_helmet":4,"minecraft:netherite_sword":4,"minecraft:netherite_axe":2,"minecraft:netherite_chestplate":4,"minecraft:iron_helmet":2,"minecraft:iron_boots":1,"minecraft:enchanted_golden_apple":8,"minecraft:netherite_shovel":2,"minecraft:ender_eye":1,"minecraft:golden_apple":64,"minecraft:netherite_leggings":4,"minecraft:cod":1,"minecraft:lava_bucket":1,"minecraft:tipped_arrow":123,"minecraft:stone":192,"minecraft:shield":5,"minecraft:torch":4,"minecraft:iron_chestplate":2,"minecraft:netherite_boots":4,"minecraft:iron_leggings":1,"minecraft:bow":2,"minecraft:iron_pickaxe":2,"minecraft:magma_block":1,"minecraft:polished_deepslate":64},"minecraft:custom":{"minecraft:interact_with_anvil":3,"minecraft:mob_kills":23,"minecraft:open_barrel":9,"minecraft:interact_with_grindstone":1,"minecraft:leave_game":32,"minecraft:time_since_death":20,"minecraft:climb_one_cm":536,"minecraft:damage_resisted":111,"minecraft:time_since_rest":48,"minecraft:damage_absorbed":160,"minecraft:sprint_one_cm":56417,"minecraft:damage_taken":7735,"minecraft:walk_one_cm":333084,"minecraft:damage_blocked_by_shield":550,"minecraft:drop":76,"minecraft:damage_dealt":4845,"minecraft:fly_one_cm":1894618,"minecraft:player_kills":12,"minecraft:open_chest":31,"minecraft:crouch_one_cm":35916,"minecraft:play_time":478541,"minecraft:deaths":40,"minecraft:sneak_time":26269,"minecraft:walk_under_water_one_cm":254529,"minecraft:jump":1230,"minecraft:walk_on_water_one_cm":601286,"minecraft:total_world_time":478541,"minecraft:fall_one_cm":58244},"minecraft:mined":{"minecraft:obsidian":1,"minecraft:torch":1,"minecraft:wall_torch":1,"minecraft:iron_bars":2,"minecraft:tripwire_hook":2,"minecraft:tripwire":2,"minecraft:redstone_wall_torch":1},"minecraft:killed":{"minecraft:elder_guardian":3,"minecraft:slime":17,"minecraft:creeper":1,"minecraft:skeleton":1},"minecraft:picked_up":{"minecraft:iron_chestplate":4,"minecraft:netherite_boots":1,"minecraft:magma_block":1,"minecraft:repeater":2,"minecraft:prismarine_shard":8,"minecraft:tripwire_hook":1,"minecraft:leather":1,"minecraft:shield":5,"minecraft:netherite_leggings":1,"minecraft:polished_deepslate":128,"minecraft:string":5,"minecraft:iron_leggings":1,"minecraft:bone":1,"minecraft:pufferfish":1,"minecraft:oak_sign":1,"minecraft:kelp":64,"minecraft:bow":1,"minecraft:gold_nugget":10,"minecraft:netherite_sword":4,"minecraft:redstone_torch":3,"minecraft:netherite_axe":1,"minecraft:enchanted_golden_apple":7,"minecraft:iron_pickaxe":4,"minecraft:iron_sword":6,"minecraft:iron_boots":2,"minecraft:tipped_arrow":60,"minecraft:stone":256,"minecraft:torch":15,"minecraft:porkchop":4,"minecraft:netherite_shovel":1,"minecraft:netherite_pickaxe":4,"minecraft:redstone":9,"minecraft:light_blue_bed":1,"minecraft:prismarine_crystals":3,"minecraft:arrow":1,"minecraft:rotten_flesh":8,"minecraft:slime_ball":8,"minecraft:netherite_helmet":1,"minecraft:lever":1,"minecraft:iron_helmet":3,"minecraft:netherite_chestplate":1,"minecraft:cod":3,"minecraft:obsidian":2,"minecraft:iron_bars":2,"minecraft:ender_pearl":16,"minecraft:wet_sponge":4},"minecraft:used":{"minecraft:oak_fence":1,"minecraft:quartz_bricks":555,"minecraft:writable_book":1,"minecraft:netherite_sword":64,"minecraft:water_bucket":645,"minecraft:iron_bars":9,"minecraft:enchanting_table":348,"minecraft:polished_deepslate":4,"minecraft:flint_and_steel":10,"minecraft:cut_copper_slab":149,"minecraft:elder_guardian_spawn_egg":16,"minecraft:chorus_fruit":3,"minecraft:redstone":36,"minecraft:ladder":2,"minecraft:oak_sign":58,"minecraft:ender_pearl":47,"minecraft:chest":12,"minecraft:shield":5,"minecraft:tinted_glass":221,"minecraft:blue_bed":2,"minecraft:iron_sword":3,"minecraft:cooked_chicken":2,"minecraft:torch":39,"minecraft:soul_sand":27,"minecraft:anvil":1,"minecraft:netherite_leggings":1,"minecraft:red_bed":2,"minecraft:axolotl_bucket":1,"minecraft:spruce_fence":33,"minecraft:piston":12,"minecraft:obsidian":3738,"minecraft:glass":55,"minecraft:redstone_torch":12,"minecraft:sticky_piston":18,"minecraft:ender_eye":12,"minecraft:netherite_block":83,"minecraft:lever":13,"minecraft:sea_lantern":15,"minecraft:lava_bucket":163,"minecraft:netherite_shovel":23,"minecraft:heavy_weighted_pressure_plate":3,"minecraft:grass_block":14,"minecraft:string":10,"minecraft:slime_block":1,"minecraft:barrier":18,"minecraft:netherite_axe":5,"minecraft:warped_nylium":12,"minecraft:light_blue_bed":3,"minecraft:iron_door":5,"minecraft:barrel":4,"minecraft:soul_lantern":28,"minecraft:bedrock":1,"minecraft:tripwire_hook":3,"minecraft:repeater":15,"minecraft:magma_block":1,"minecraft:bow":6,"minecraft:iron_trapdoor":915,"minecraft:soul_soil":47,"minecraft:grindstone":1,"minecraft:netherite_pickaxe":3,"minecraft:yellow_bed":1,"minecraft:end_portal_frame":23,"minecraft:kelp":83,"minecraft:dark_prismarine_stairs":23,"minecraft:enchanted_golden_apple":1,"minecraft:observer":18,"minecraft:pointed_dripstone":7},"minecraft:killed_by":{"minecraft:player":11}},"DataVersion":2730}