{"stats":{"minecraft:picked_up":{"minecraft:enchanting_table":2,"minecraft:magma_block":1,"minecraft:netherite_boots":4,"minecraft:iron_chestplate":3,"minecraft:repeater":2,"minecraft:prismarine_shard":3,"minecraft:water_bucket":2,"minecraft:lead":2,"minecraft:stone_brick_wall":64,"minecraft:potion":1,"minecraft:enchanted_book":1,"minecraft:yellow_bed":3,"minecraft:shield":6,"minecraft:netherite_leggings":4,"minecraft:string":8,"minecraft:soul_soil":1,"minecraft:iron_leggings":3,"minecraft:sticky_piston":2,"minecraft:bone":1,"minecraft:oak_sign":6,"minecraft:kelp":7,"minecraft:bow":3,"minecraft:respawn_anchor":3,"minecraft:netherite_sword":3,"minecraft:oak_boat":4,"minecraft:redstone_torch":1,"minecraft:observer":1,"minecraft:netherite_axe":2,"minecraft:iron_pickaxe":2,"minecraft:enchanted_golden_apple":1,"minecraft:powered_rail":3,"minecraft:chest":1,"minecraft:iron_sword":2,"minecraft:iron_boots":3,"minecraft:tipped_arrow":123,"minecraft:stone":64,"minecraft:pig_spawn_egg":1,"minecraft:torch":37,"minecraft:lava_bucket":1,"minecraft:porkchop":2,"minecraft:netherite_shovel":2,"minecraft:netherite_pickaxe":2,"minecraft:prismarine_crystals":1,"minecraft:netherite_block":1,"minecraft:arrow":1,"minecraft:slime_ball":32,"minecraft:netherite_helmet":4,"minecraft:lever":1,"minecraft:iron_helmet":3,"minecraft:golden_apple":64,"minecraft:netherite_chestplate":4,"minecraft:obsidian":3,"minecraft:wet_sponge":1,"minecraft:cobblestone":3,"minecraft:ender_pearl":31},"minecraft:killed":{"minecraft:pig":1,"minecraft:bat":2,"minecraft:slime":57},"minecraft:used":{"minecraft:quartz_bricks":319,"minecraft:water_bucket":2,"minecraft:netherite_sword":33,"minecraft:enchanting_table":13,"minecraft:flint_and_steel":63,"minecraft:birch_planks":70,"minecraft:armor_stand":4,"minecraft:powered_rail":3,"minecraft:netherite_chestplate":1,"minecraft:oak_sign":8,"minecraft:chest":1,"minecraft:iron_sword":17,"minecraft:player_head":1,"minecraft:oak_door":2,"minecraft:iron_chestplate":2,"minecraft:debug_stick":191,"minecraft:torch":41,"minecraft:golden_apple":2,"minecraft:anvil":3,"minecraft:netherite_leggings":1,"minecraft:dark_prismarine_slab":249,"minecraft:red_bed":1,"minecraft:crafting_table":1,"minecraft:netherite_helmet":1,"minecraft:dripstone_block":7,"minecraft:axolotl_bucket":1,"minecraft:end_stone":13,"minecraft:milk_bucket":2,"minecraft:obsidian":1259,"minecraft:redstone_torch":6,"minecraft:piston":3,"minecraft:netherite_block":5,"minecraft:lava_bucket":7,"minecraft:villager_spawn_egg":1,"minecraft:grass_block":1,"minecraft:netherite_axe":36,"minecraft:pig_spawn_egg":1,"minecraft:iron_helmet":2,"minecraft:iron_boots":3,"minecraft:bedrock":15,"minecraft:netherite_boots":1,"minecraft:tripwire_hook":1,"minecraft:cobblestone":4,"minecraft:bow":23,"minecraft:soul_soil":9,"minecraft:iron_trapdoor":4,"minecraft:andesite":2,"minecraft:netherite_pickaxe":5,"minecraft:bucket":9,"minecraft:birch_log":12,"minecraft:yellow_bed":2,"minecraft:oak_boat":2,"minecraft:enchanted_golden_apple":1,"minecraft:dark_prismarine_stairs":41,"minecraft:iron_leggings":3},"minecraft:dropped":{"minecraft:netherite_pickaxe":1,"minecraft:birch_planks":1,"minecraft:ender_pearl":16,"minecraft:netherite_sword":2,"minecraft:netherite_helmet":1,"minecraft:obsidian":1,"minecraft:netherite_axe":1,"minecraft:netherite_chestplate":1,"minecraft:netherite_shovel":1,"minecraft:oak_sign":2,"minecraft:netherite_leggings":1,"minecraft:tipped_arrow":60,"minecraft:shield":1,"minecraft:torch":15,"minecraft:netherite_boots":1,"minecraft:axolotl_bucket":1,"minecraft:slime_ball":11,"minecraft:bow":1},"minecraft:mined":{"minecraft:cobblestone":3,"minecraft:oak_wall_sign":1,"minecraft:wall_torch":11,"minecraft:light_blue_bed":1,"minecraft:yellow_bed":2,"minecraft:enchanting_table":2,"minecraft:tripwire":1},"minecraft:killed_by":{"minecraft:player":11,"minecraft:slime":1},"minecraft:custom":{"minecraft:interact_with_anvil":4,"minecraft:mob_kills":61,"minecraft:open_barrel":5,"minecraft:leave_game":12,"minecraft:time_since_death":30175,"minecraft:sleep_in_bed":3,"minecraft:time_since_rest":30197,"minecraft:damage_absorbed":25,"minecraft:sprint_one_cm":90296,"minecraft:damage_taken":11037,"minecraft:walk_one_cm":179661,"minecraft:drop":44,"minecraft:damage_dealt":4424,"minecraft:swim_one_cm":6898,"minecraft:fly_one_cm":1619791,"minecraft:player_kills":11,"minecraft:open_chest":7,"minecraft:crouch_one_cm":8019,"minecraft:play_time":217776,"minecraft:sneak_time":9373,"minecraft:deaths":47,"minecraft:walk_under_water_one_cm":91834,"minecraft:boat_one_cm":1499,"minecraft:jump":967,"minecraft:walk_on_water_one_cm":299417,"minecraft:total_world_time":217776,"minecraft:fall_one_cm":44215}},"DataVersion":2730}